{
  "session_id": "MVP_threshold_drifter_20260629_094550",
  "profile": "threshold_drifter",
  "start_time": "2026-06-29T09:45:50.218586",
  "n_ticks": 60,
  "cdg_mean": 0.5343897339694199,
  "cdg_max": 1.0,
  "cdg_final": 1.0,
  "sfi_mean": 1.235427131635243,
  "ip_events": [
    46,
    51
  ],
  "alert_events": [
    41,
    52
  ],
  "final_zone": "critical",
  "cdg_timeseries": [
    0.3096,
    0.2669,
    0.2648,
    0.2553,
    0.2977,
    0.285,
    0.2948,
    0.2892,
    0.2709,
    0.3244,
    0.3311,
    0.2933,
    0.2583,
    0.3075,
    0.2896,
    0.3001,
    0.3389,
    0.2819,
    0.2447,
    0.2972,
    0.3142,
    0.3323,
    0.3852,
    0.3356,
    0.4245,
    0.3418,
    0.3624,
    0.4067,
    0.3558,
    0.3836,
    0.3899,
    0.4477,
    0.4566,
    0.4299,
    0.5249,
    0.528,
    0.4876,
    0.5156,
    0.5862,
    0.5738,
    0.5794,
    0.6237,
    0.6495,
    0.6784,
    0.8144,
    0.7539,
    0.8711,
    0.8286,
    0.9458,
    0.9842,
    0.9564,
    0.9945,
    1.0,
    1.0,
    1.0,
    1.0,
    1.0,
    1.0,
    1.0,
    1.0
  ],
  "sfi_timeseries": [
    1.0085,
    1.0075,
    1.0233,
    1.0328,
    1.028,
    1.0401,
    1.0481,
    1.0506,
    1.0632,
    1.0709,
    1.0803,
    1.081,
    1.0962,
    1.0886,
    1.1108,
    1.1032,
    1.1325,
    1.1163,
    1.1238,
    1.1447,
    1.1409,
    1.1572,
    1.1597,
    1.1618,
    1.1805,
    1.1884,
    1.1733,
    1.2004,
    1.2119,
    1.2144,
    1.223,
    1.2282,
    1.2229,
    1.2271,
    1.2548,
    1.2638,
    1.2753,
    1.2772,
    1.2815,
    1.299,
    1.3116,
    1.3376,
    1.3362,
    1.3557,
    1.326,
    1.3628,
    1.3493,
    1.3893,
    1.3904,
    1.4101,
    1.4011,
    1.428,
    1.4676,
    1.4511,
    1.481,
    1.4901,
    1.5211,
    1.5106,
    1.4991,
    1.5152
  ]
}