{
  "session_id": "MVP_gradual_drifter_20260629_082308",
  "profile": "gradual_drifter",
  "start_time": "2026-06-29T08:22:45.759656",
  "n_ticks": 60,
  "cdg_mean": 0.6873403170383562,
  "cdg_max": 1.0,
  "cdg_final": 1.0,
  "sfi_mean": 1.2919228908393732,
  "ip_events": [
    37
  ],
  "alert_events": [
    23,
    34,
    45,
    56
  ],
  "final_zone": "critical",
  "cdg_timeseries": [
    0.2907,
    0.3037,
    0.3172,
    0.3779,
    0.3496,
    0.3361,
    0.364,
    0.3664,
    0.3728,
    0.3577,
    0.3534,
    0.3904,
    0.454,
    0.4591,
    0.4198,
    0.4307,
    0.5459,
    0.521,
    0.5284,
    0.4899,
    0.5529,
    0.509,
    0.5884,
    0.6603,
    0.5891,
    0.6452,
    0.5831,
    0.6827,
    0.6228,
    0.6583,
    0.745,
    0.7196,
    0.6857,
    0.7108,
    0.7145,
    0.8348,
    0.796,
    0.7843,
    0.8285,
    0.8315,
    0.8438,
    0.9218,
    0.9348,
    0.9557,
    0.9874,
    0.9316,
    0.9641,
    0.9304,
    1.0,
    1.0,
    1.0,
    1.0,
    1.0,
    1.0,
    1.0,
    1.0,
    1.0,
    1.0,
    1.0,
    1.0
  ]
}