{
  "session_id": "MVP_threshold_drifter_20260629_085604",
  "profile": "threshold_drifter",
  "start_time": "2026-06-29T08:55:43.214784",
  "n_ticks": 60,
  "cdg_mean": 0.5382508336018678,
  "cdg_max": 1.0,
  "cdg_final": 1.0,
  "sfi_mean": 1.2340254237301203,
  "ip_events": [
    29
  ],
  "alert_events": [
    36,
    47,
    58
  ],
  "final_zone": "critical",
  "cdg_timeseries": [
    0.2447,
    0.3191,
    0.288,
    0.3027,
    0.3042,
    0.3003,
    0.3278,
    0.2882,
    0.2566,
    0.3033,
    0.2869,
    0.29,
    0.3217,
    0.2939,
    0.3023,
    0.3264,
    0.3425,
    0.3696,
    0.3038,
    0.3812,
    0.363,
    0.3033,
    0.3351,
    0.3331,
    0.3058,
    0.3614,
    0.395,
    0.4134,
    0.398,
    0.4017,
    0.3445,
    0.3954,
    0.4648,
    0.4793,
    0.4809,
    0.5459,
    0.6371,
    0.5435,
    0.5547,
    0.5859,
    0.5671,
    0.6326,
    0.7271,
    0.7378,
    0.7473,
    0.8649,
    0.775,
    0.7901,
    0.8275,
    0.8923,
    0.9509,
    0.9879,
    1.0,
    1.0,
    1.0,
    1.0,
    1.0,
    1.0,
    1.0,
    1.0
  ]
}