{
  "session_id": "MVP_gradual_drifter_20260629_094651",
  "profile": "gradual_drifter",
  "start_time": "2026-06-29T09:46:51.014104",
  "n_ticks": 60,
  "cdg_mean": 0.676612835137186,
  "cdg_max": 1.0,
  "cdg_final": 1.0,
  "sfi_mean": 1.289663852385326,
  "ip_events": [
    46
  ],
  "alert_events": [
    24,
    35,
    46,
    57
  ],
  "final_zone": "critical",
  "cdg_timeseries": [
    0.2873,
    0.354,
    0.365,
    0.2913,
    0.3387,
    0.3209,
    0.3855,
    0.388,
    0.4021,
    0.4029,
    0.4442,
    0.4201,
    0.4575,
    0.4108,
    0.451,
    0.4666,
    0.4976,
    0.5678,
    0.4607,
    0.5698,
    0.5918,
    0.5146,
    0.5655,
    0.58,
    0.6,
    0.5358,
    0.6142,
    0.5519,
    0.6349,
    0.6387,
    0.7174,
    0.7507,
    0.7328,
    0.7095,
    0.764,
    0.7073,
    0.7077,
    0.8391,
    0.7493,
    0.7774,
    0.8786,
    0.8027,
    0.8457,
    0.8818,
    0.9273,
    0.9246,
    0.9453,
    0.9179,
    0.9314,
    0.9844,
    0.9929,
    1.0,
    1.0,
    1.0,
    1.0,
    1.0,
    1.0,
    1.0,
    1.0,
    1.0
  ],
  "sfi_timeseries": [
    1.0084,
    1.0087,
    1.0319,
    1.0208,
    1.0507,
    1.039,
    1.0806,
    1.0567,
    1.0913,
    1.0856,
    1.1177,
    1.0865,
    1.0995,
    1.1044,
    1.1087,
    1.1228,
    1.1297,
    1.168,
    1.154,
    1.1711,
    1.187,
    1.1704,
    1.2191,
    1.2296,
    1.2017,
    1.2309,
    1.2413,
    1.2569,
    1.2644,
    1.2605,
    1.2929,
    1.2994,
    1.2943,
    1.3013,
    1.34,
    1.3526,
    1.3493,
    1.3844,
    1.3616,
    1.3541,
    1.381,
    1.3796,
    1.3824,
    1.4387,
    1.4243,
    1.4578,
    1.4421,
    1.4696,
    1.486,
    1.522,
    1.5068,
    1.5181,
    1.5389,
    1.5606,
    1.5628,
    1.5607,
    1.5877,
    1.6025,
    1.6338,
    1.5964
  ]
}